Year,Forecast_mtpa
2026,146.03627237687496
2027,149.68717918629685
2028,153.42935866595423
2029,157.26509263260306
2030,161.19671994841812
