Year,Forecast_mtpa
2026,145.3239003165
2027,148.23037832282998
2028,151.19498588928658
2029,154.2188856070723
2030,157.30326331921376
